[
    {
      "src": "../img/galeria/g (1).jpg",
      "thumbnail": "../img/galeria/g (1).jpg",
      "title": "Imagen 1"
    },
    {
      "src": "../img/galeria/g (2).jpg",
      "thumbnail": "../img/galeria/g (2).jpg",
      "title": "Imagen 2"
    },
    {
      "src": "../img/galeria/g (3).jpg",
      "thumbnail": "../img/galeria/g (3).jpg",
      "title": "Imagen 3"
    },
    {
      "src": "../img/galeria/g (4).jpg",
      "thumbnail": "../img/galeria/g (4).jpg",
      "title": "Imagen 4"
    },
    {
      "src": "../img/galeria/g (5).jpg",
      "thumbnail": "../img/galeria/g (5).jpg",
      "title": "Imagen 5"
    },
    {
      "src": "../img/galeria/g (6).jpg",
      "thumbnail": "../img/galeria/g (6).jpg",
      "title": "Imagen 6"
    },
    {
      "src": "../img/galeria/g (7).jpg",
      "thumbnail": "../img/galeria/g (7).jpg",
      "title": "Imagen 7"
    },
    {
      "src": "../img/galeria/g (8).jpg",
      "thumbnail": "../img/galeria/g (8).jpg",
      "title": "Imagen 8"
    },
    {
      "src": "../img/galeria/g (9).jpg",
      "thumbnail": "../img/galeria/g (9).jpg",
      "title": "Imagen 9"
    },
    {
      "src": "../img/galeria/g (10).jpg",
      "thumbnail": "../img/galeria/g (10).jpg",
      "title": "Imagen 10"
    },
    {
      "src": "../img/galeria/g (11).jpg",
      "thumbnail": "../img/galeria/g (11).jpg",
      "title": "Imagen 11"
    }, 
    {
      "src": "../img/galeria/g (12).jpg",
      "thumbnail": "../img/galeria/g (12).jpg",
      "title": "Imagen 12"
    },
    {
      "src": "../img/galeria/g (13).jpg",
      "thumbnail": "../img/galeria/g (13).jpg",
      "title": "Imagen 13"
    },
    {
      "src": "../img/galeria/g (14).jpg",
      "thumbnail": "../img/galeria/g (14).jpg",
      "title": "Imagen 14"
    },
    {
      "src": "../img/galeria/g (15).jpg",
      "thumbnail": "../img/galeria/g (15).jpg",
      "title": "Imagen 15"
    },
    {
      "src": "../img/galeria/g (16).jpg",
      "thumbnail": "../img/galeria/g (16).jpg",
      "title": "Imagen 16"
    },
    {
      "src": "../img/galeria/g (17).jpg",
      "thumbnail": "../img/galeria/g (17).jpg",
      "title": "Imagen 17"
    },
    {
      "src": "../img/galeria/g (18).jpg",
      "thumbnail": "../img/galeria/g (18).jpg",
      "title": "Imagen 18"
    },
    {
      "src": "../img/galeria/g (19).jpg",
      "thumbnail": "../img/galeria/g (19).jpg",
      "title": "Imagen 19"
    },
    {
      "src": "../img/galeria/g (20).jpg",
      "thumbnail": "../img/galeria/g (20).jpg",
      "title": "Imagen 20"
    },
    {
      "src": "../img/galeria/g (21).jpg",
      "thumbnail": "../img/galeria/g (21).jpg",
      "title": "Imagen 21"
    }
  ]
  


